name,email,phone,birthday,area
John Smith,john.smith@example.com,12015550101,3/14/1988,California
Emily Johnson,emily.johnson@example.com,12015550102,7/22/1991,Texas
Michael Williams,michael.williams@example.com,12015550103,12/5/1983,Florida
Jessica Brown,jessica.brown@example.com,12015550104,9/30/1995,New York
David Jones,david.jones@example.com,12015550105,6/18/1987,Illinois
Sarah Miller,sarah.miller@example.com,12015550106,2/11/1993,Pennsylvania
Matthew Davis,matthew.davis@example.com,12015550107,10/25/1989,Ohio
Ashley Garcia,ashley.garcia@example.com,12015550108,5/8/1992,Georgia
Christopher Martinez,christopher.martinez@example.com,12015550109,8/17/1986,North Carolina
Amanda Rodriguez,amanda.rodriguez@example.com,12015550110,1/3/1990,Michigan
Joshua Hernandez,joshua.hernandez@example.com,12015550111,4/27/1994,New Jersey
Brittany Lopez,brittany.lopez@example.com,12015550112,11/15/1985,Virginia
Daniel Gonzalez,daniel.gonzalez@example.com,12015550113,7/6/1991,Washington
Megan Wilson,megan.wilson@example.com,12015550114,3/19/1988,Arizona
Andrew Anderson,andrew.anderson@example.com,12015550115,9/2/1993,Massachusetts
Lauren Thomas,lauren.thomas@example.com,12015550116,12/28/1987,Tennessee
Ryan Taylor,ryan.taylor@example.com,12015550117,6/10/1992,Indiana
Samantha Moore,samantha.moore@example.com,12015550118,8/23/1989,Missouri
Brandon Jackson,brandon.jackson@example.com,12015550119,2/14/1995,Maryland
Nicole White,nicole.white@example.com,12015550120,5/31/1986,Wisconsin
Tyler Harris,tyler.harris@example.com,12015550121,10/7/1991,Minnesota
Elizabeth Clark,elizabeth.clark@example.com,12015550122,1/20/1990,Colorado
James Lewis,james.lewis@example.com,12015550123,7/13/1988,South Carolina
Stephanie Lee,stephanie.lee@example.com,12015550124,4/2/1994,Alabama
Justin Walker,justin.walker@example.com,12015550125,11/9/1985,Louisiana
Rachel Hall,rachel.hall@example.com,12015550126,3/26/1993,Kentucky
Benjamin Allen,benjamin.allen@example.com,12015550127,8/15/1987,Oregon
Hannah Young,hannah.young@example.com,12015550128,12/1/1992,Oklahoma
Jacob King,jacob.king@example.com,12015550129,6/17/1989,Connecticut
Olivia Wright,olivia.wright@example.com,12015550130,9/29/1995,Iowa
Ethan Scott,ethan.scott@example.com,12015550131,2/8/1986,Mississippi
Madison Green,madison.green@example.com,12015550132,5/21/1991,Arkansas
Alexander Adams,alexander.adams@example.com,12015550133,10/12/1988,Kansas
Abigail Nelson,abigail.nelson@example.com,12015550134,1/27/1994,Utah
William Baker,william.baker@example.com,12015550135,7/4/1985,Nevada
Alyssa Carter,alyssa.carter@example.com,12015550136,3/16/1993,Nebraska
Joseph Mitchell,joseph.mitchell@example.com,12015550137,8/25/1987,New Mexico
Grace Perez,grace.perez@example.com,12015550138,12/10/1992,West Virginia
Anthony Roberts,anthony.roberts@example.com,12015550139,6/3/1989,Idaho
Victoria Turner,victoria.turner@example.com,12015550140,9/18/1995,Hawaii
Samuel Phillips,samuel.phillips@example.com,12015550141,2/22/1986,Maine
Natalie Campbell,natalie.campbell@example.com,12015550142,5/14/1991,New Hampshire
Jonathan Parker,jonathan.parker@example.com,12015550143,10/30/1988,Montana
Chloe Evans,chloe.evans@example.com,12015550144,1/12/1994,Rhode Island
Christian Edwards,christian.edwards@example.com,12015550145,7/8/1985,Delaware
Ella Collins,ella.collins@example.com,12015550146,3/24/1993,South Dakota
Dylan Stewart,dylan.stewart@example.com,12015550147,8/20/1987,North Dakota
Sofia Sanchez,sofia.sanchez@example.com,12015550148,12/6/1992,Alaska
Logan Morris,logan.morris@example.com,12015550149,6/29/1989,Vermont
Avery Rogers,avery.rogers@example.com,12015550150,9/11/1995,Wyoming
